Date,Product,Category,Region,Quantity,Unit_Price,Sales
2025-01-01,Printer,Office,East,7,15000,103461.87
2025-01-01,Mouse,Accessories,North,10,1500,14635.45
2025-01-01,Tablet,Electronics,North,3,25000,73203.26
2025-01-01,Printer,Office,North,10,15000,154235.97
2025-01-02,Laptop,Electronics,West,14,60000,787737.6
2025-01-02,Webcam,Accessories,South,3,4500,12514.02
2025-01-02,Printer,Office,West,5,15000,70326.28
2025-01-03,Printer,Office,North,11,15000,138812.71
2025-01-03,Laptop,Electronics,West,10,60000,528871.57
2025-01-03,Mouse,Accessories,East,11,1500,17929.67
2025-01-04,Keyboard,Accessories,North,9,3000,26744.54
2025-01-04,Webcam,Accessories,East,11,4500,45453.15
2025-01-04,Headphones,Accessories,,10,3500,29913.06
2025-01-04,Tablet,Electronics,North,2,25000,47366.26
2025-01-05,Mouse,Accessories,West,12,1500,18676.41
2025-01-05,Monitor,Electronics,West,7,20000,126073.3
2025-01-05,Mouse,Accessories,North,1,1500,1494.16
2025-01-06,Laptop,Electronics,West,7,60000,408610.46
2025-01-06,Tablet,Electronics,West,7,25000,163165.7
2025-01-06,Headphones,Accessories,West,2,3500,6394.87
2025-01-07,Printer,Office,West,15,15000,216834.13
2025-01-07,Keyboard,Accessories,South,4,3000,10815.77
2025-01-07,Webcam,Accessories,East,5,4500,23109.8
2025-01-07,Tablet,Electronics,South,7,25000,151419.58
2025-01-08,Printer,Office,West,13,15000,195106.24
2025-01-08,Monitor,Electronics,North,12,20000,238346.63
2025-01-08,Mouse,Accessories,East,12,1500,16172.66
2025-01-09,Laptop,Electronics,West,4,60000,238250.27
2025-01-09,Laptop,Electronics,South,13,60000,739258.91
2025-01-09,Headphones,Accessories,West,13,3500,42667.0
2025-01-10,Printer,Office,East,7,15000,113136.85
2025-01-10,Webcam,Accessories,North,9,4500,41836.48
2025-01-10,Keyboard,Accessories,East,1,3000,2744.56
2025-01-11,Keyboard,Accessories,West,12,3000,34705.52
2025-01-11,Mouse,Accessories,West,15,1500,20846.6
2025-01-11,Monitor,Electronics,North,8,20000,147987.51
2025-01-11,Laptop,Electronics,North,9,60000,549839.99
2025-01-12,Mouse,Accessories,North,8,1500,10411.45
2025-01-12,Monitor,Electronics,South,2,20000,39847.76
2025-01-12,Headphones,Accessories,East,10,3500,33628.65
2025-01-13,Mouse,Accessories,West,11,1500,16286.77
2025-01-13,Tablet,Electronics,East,14,25000,328495.94
2025-01-13,Printer,Office,East,14,15000,199989.53
2025-01-14,Keyboard,Accessories,East,8,3000,21759.52
2025-01-14,Tablet,Electronics,North,15,25000,370862.89
2025-01-14,Tablet,Electronics,South,8,25000,192733.56
2025-01-14,Keyboard,Accessories,South,10,3000,25101.32
2025-01-15,Monitor,Electronics,North,10,20000,186168.47
2025-01-15,Headphones,Accessories,South,15,3500,54480.22
2025-01-15,Laptop,Electronics,East,12,60000,759558.26
2025-01-16,Monitor,Electronics,South,2,20000,40291.98
2025-01-16,Laptop,Electronics,South,2,60000,108311.91
2025-01-16,Printer,Office,East,7,15000,104216.28
2025-01-17,Headphones,Accessories,West,8,3500,28812.14
2025-01-17,Printer,Office,South,11,15000,165723.47
2025-01-17,Printer,Office,West,8,15000,119840.38
2025-01-18,Mouse,Accessories,South,8,1500,11778.69
2025-01-18,Mouse,Accessories,South,14,1500,19029.47
2025-01-18,Laptop,Electronics,West,6,60000,321648.02
2025-01-18,Laptop,Electronics,East,8,60000,405237.9
2025-01-19,Headphones,Accessories,West,9,3500,31733.68
2025-01-19,Mouse,Accessories,East,8,1500,11744.52
2025-01-19,Mouse,Accessories,West,15,1500,21137.68
2025-01-20,Printer,Office,North,15,15000,198505.57
2025-01-20,Headphones,Accessories,West,8,3500,26820.16
2025-01-20,Mouse,Accessories,East,7,1500,11480.65
2025-01-21,Mouse,Accessories,West,9,1500,13329.49
2025-01-21,Keyboard,Accessories,North,3,3000,8602.17
2025-01-21,Laptop,Electronics,East,7,60000,410305.89
2025-01-21,Mouse,Accessories,East,4,1500,6286.4
2025-01-22,Monitor,Electronics,South,3,20000,53196.43
2025-01-22,Keyboard,Accessories,East,2,3000,5990.63
2025-01-22,Tablet,Electronics,West,9,25000,208278.02
2025-01-23,Monitor,Electronics,East,1,20000,18414.63
2025-01-23,Laptop,Electronics,East,10,60000,560421.48
2025-01-23,Monitor,Electronics,West,7,20000,136948.1
2025-01-24,Keyboard,Accessories,North,6,3000,18235.79
2025-01-24,Headphones,Accessories,East,12,3500,39648.89
2025-01-24,Mouse,Accessories,East,9,1500,12368.14
2025-01-24,Printer,Office,East,12,15000,205765.79
2025-01-25,Headphones,Accessories,North,11,3500,35656.06
2025-01-25,Keyboard,Accessories,South,1,3000,2675.51
2025-01-25,Tablet,Electronics,East,4,25000,81360.19
2025-01-26,Monitor,Electronics,West,9,20000,182169.6
2025-01-26,Laptop,Electronics,West,15,60000,934737.56
2025-01-26,Laptop,Electronics,West,3,60000,193402.24
2025-01-27,Printer,Office,East,2,15000,26873.27
2025-01-27,Mouse,Accessories,East,15,1500,
2025-01-27,Monitor,Electronics,North,15,20000,274474.81
2025-01-28,Mouse,Accessories,West,3,1500,4533.03
2025-01-28,Laptop,Electronics,West,7,60000,376927.9
2025-01-28,Printer,Office,West,10,15000,153454.87
2025-01-28,Mouse,Accessories,South,3,1500,4265.13
2025-01-29,Keyboard,Accessories,North,5,3000,14850.2
2025-01-29,Keyboard,Accessories,West,6,3000,18479.22
2025-01-29,Headphones,Accessories,East,10,3500,31796.77
2025-01-30,Keyboard,Accessories,South,5,3000,13830.23
2025-01-30,Laptop,Electronics,South,7,60000,376134.91
2025-01-30,Laptop,Electronics,East,5,60000,261836.54
2025-01-31,Webcam,Accessories,South,12,4500,53944.54
2025-01-31,Webcam,Accessories,North,3,4500,13067.68
2025-01-31,Printer,Office,East,4,15000,55653.28
2025-01-31,Monitor,Electronics,South,4,20000,81267.07
2025-02-01,Webcam,Accessories,East,14,4500,60937.05
2025-02-01,Printer,Office,East,15,15000,212848.33
2025-02-01,Printer,Office,East,8,15000,104549.11
2025-02-02,Mouse,Accessories,West,3,1500,4236.06
2025-02-02,Monitor,Electronics,North,12,20000,253544.03
2025-02-02,Laptop,Electronics,West,8,60000,455802.47
2025-02-03,Webcam,Accessories,East,13,4500,63251.29
2025-02-03,Mouse,Accessories,East,6,1500,8540.0
2025-02-03,Monitor,Electronics,South,15,20000,266890.77
2025-02-04,Keyboard,Accessories,South,13,3000,38184.08
2025-02-04,Headphones,Accessories,South,4,3500,13217.47
2025-02-04,Monitor,Electronics,East,11,20000,211978.66
2025-02-04,Tablet,Electronics,South,5,25000,131741.64
2025-02-05,Printer,Office,North,6,15000,79088.49
2025-02-05,Printer,Office,North,4,15000,54937.51
2025-02-05,Mouse,Accessories,East,11,1500,15593.14
2025-02-06,Headphones,Accessories,South,4,3500,11902.05
2025-02-06,Headphones,Accessories,West,10,3500,31564.0
2025-02-06,Headphones,Accessories,East,9,3500,32539.91
2025-02-07,Laptop,Electronics,East,12,60000,684107.83
2025-02-07,Keyboard,Accessories,West,15,3000,39819.22
2025-02-07,Laptop,Electronics,East,1,60000,53921.38
2025-02-07,Mouse,Accessories,West,15,1500,22646.37
2025-02-08,Keyboard,Accessories,West,2,3000,5915.83
2025-02-08,Laptop,Electronics,South,8,60000,456855.92
2025-02-08,Laptop,Electronics,East,6,60000,348030.08
2025-02-09,Headphones,Accessories,North,10,3500,30721.54
2025-02-09,Monitor,Electronics,South,11,20000,229714.53
2025-02-09,Webcam,Accessories,South,13,4500,55059.55
2025-02-10,Headphones,Accessories,South,7,3500,25689.58
2025-02-10,Keyboard,Accessories,East,14,3000,37986.59
2025-02-10,Headphones,Accessories,South,5,3500,18921.38
2025-02-10,Laptop,Electronics,South,4,60000,233597.71
2025-02-11,Webcam,Accessories,West,6,4500,27761.99
2025-02-11,Mouse,Accessories,West,8,1500,11738.24
2025-02-11,Printer,Office,North,11,15000,154265.73
2025-02-12,Laptop,Electronics,West,13,60000,757244.32
2025-02-12,Mouse,Accessories,West,4,1500,5624.62
2025-02-12,Mouse,Accessories,South,5,1500,7891.16
2025-02-13,Webcam,Accessories,South,15,4500,59612.52
2025-02-13,Headphones,Accessories,West,7,3500,22667.93
2025-02-13,Mouse,Accessories,South,4,1500,5721.63
2025-02-14,Monitor,Electronics,West,15,20000,288049.73
2025-02-14,Keyboard,Accessories,South,7,3000,20397.35
2025-02-14,Mouse,Accessories,North,15,1500,
2025-02-14,Mouse,Accessories,West,14,1500,19373.03
2025-02-15,Laptop,Electronics,East,14,60000,706591.55
2025-02-15,Tablet,Electronics,North,9,25000,214847.52
2025-02-15,Tablet,Electronics,West,12,25000,266160.17
2025-02-16,Laptop,Electronics,East,15,60000,777616.42
2025-02-16,Mouse,Accessories,East,5,1500,7523.79
2025-02-16,Laptop,Electronics,South,1,60000,57342.16
2025-02-17,Headphones,Accessories,East,5,3500,17498.39
2025-02-17,Monitor,Electronics,South,10,20000,186643.29
2025-02-17,Headphones,Accessories,South,9,3500,25793.35
2025-02-17,Printer,Office,East,2,15000,26072.71
2025-02-18,Printer,Office,North,9,15000,136354.95
2025-02-18,Laptop,Electronics,North,3,60000,162240.61
2025-02-18,Webcam,Accessories,West,8,4500,36118.89
2025-02-19,Monitor,Electronics,North,9,20000,168210.14
2025-02-19,Laptop,Electronics,West,10,60000,573724.03
2025-02-19,Mouse,Accessories,West,7,1500,9700.99
2025-02-20,Keyboard,Accessories,West,7,3000,20396.55
2025-02-20,Tablet,Electronics,South,11,25000,250674.86
2025-02-20,Tablet,Electronics,North,12,25000,265655.61
2025-02-21,Keyboard,Accessories,West,13,3000,35281.86
2025-02-21,Webcam,Accessories,South,6,4500,27421.6
2025-02-21,Keyboard,Accessories,South,7,3000,17555.55
2025-02-21,Mouse,Accessories,South,5,1500,7352.04
2025-02-22,Monitor,Electronics,North,8,20000,180602.58
2025-02-22,Webcam,Accessories,West,2,4500,9560.56
2025-02-22,Monitor,Electronics,South,7,20000,139392.56
2025-02-23,Laptop,Electronics,West,3,60000,172269.07
2025-02-23,Mouse,Accessories,West,8,1500,10282.5
2025-02-23,Webcam,Accessories,West,13,4500,53099.18
2025-02-24,Tablet,Electronics,South,15,25000,368415.38
2025-02-24,Printer,Office,North,7,15000,99286.18
2025-02-24,Tablet,Electronics,West,1,25000,21618.32
2025-02-24,Tablet,Electronics,West,4,25000,97384.37
2025-02-25,Mouse,Accessories,West,2,1500,2549.5
2025-02-25,Keyboard,Accessories,North,12,3000,30664.25
2025-02-25,Printer,Office,West,15,15000,201974.09
2025-02-26,Headphones,Accessories,North,9,3500,28161.04
2025-02-26,Keyboard,Accessories,West,3,3000,8027.41
2025-02-26,Laptop,Electronics,,1,60000,52418.22
2025-02-27,Printer,Office,South,15,15000,219314.31
2025-02-27,Monitor,Electronics,West,5,20000,92714.19
2025-02-27,Webcam,Accessories,East,2,4500,8696.71
2025-02-27,Monitor,Electronics,West,3,20000,61484.82
2025-02-28,Laptop,Electronics,North,4,60000,229687.31
2025-02-28,Tablet,Electronics,East,10,25000,224301.91
2025-02-28,Laptop,Electronics,West,14,60000,802852.85
2025-03-01,Monitor,Electronics,East,5,20000,103107.62
2025-03-01,Headphones,Accessories,North,11,3500,34682.85
2025-03-01,Tablet,Electronics,North,1,25000,23630.88
2025-03-02,Monitor,Electronics,South,1,20000,18952.25
2025-03-02,Keyboard,Accessories,West,1,3000,2831.04
2025-03-02,Printer,Office,South,14,15000,206755.91
2025-03-03,Webcam,Accessories,East,9,4500,40198.21
2025-03-03,Mouse,Accessories,South,13,1500,18944.41
2025-03-03,Laptop,Electronics,North,1,60000,59506.91
2025-03-03,Laptop,Electronics,South,1,60000,54339.71
2025-03-04,Monitor,Electronics,South,13,20000,247682.32
2025-03-04,Laptop,Electronics,North,2,60000,121843.42
2025-03-04,Headphones,Accessories,West,3,3500,10224.2
2025-03-05,Laptop,Electronics,North,8,60000,461165.03
2025-03-05,Mouse,Accessories,South,10,1500,
2025-03-05,Printer,Office,South,4,15000,60133.01
2025-03-06,Headphones,Accessories,South,7,3500,24969.98
2025-03-06,Monitor,Electronics,East,11,20000,212377.15
2025-03-06,Tablet,Electronics,North,7,25000,173560.33
2025-03-06,Printer,Office,East,6,15000,79756.76
2025-03-07,Printer,Office,North,2,15000,29681.36
2025-03-07,Laptop,Electronics,South,7,60000,452241.5
2025-03-07,Laptop,Electronics,East,13,60000,751852.72
2025-03-08,Webcam,Accessories,North,10,4500,44392.1
2025-03-08,Keyboard,Accessories,South,14,3000,40475.59
2025-03-08,Keyboard,Accessories,South,2,3000,5752.95
2025-03-09,Mouse,Accessories,West,1,1500,1632.38
2025-03-09,Headphones,Accessories,East,9,3500,27895.49
2025-03-09,Webcam,Accessories,South,3,4500,13026.58
2025-03-10,Monitor,Electronics,South,9,20000,155872.07
2025-03-10,Webcam,Accessories,North,14,4500,56663.33
2025-03-10,Laptop,Electronics,South,6,60000,308894.31
2025-03-10,Mouse,Accessories,East,9,1500,13090.63
2025-03-11,Headphones,Accessories,North,11,3500,41768.12
2025-03-11,Laptop,Electronics,East,3,60000,162683.98
2025-03-11,Laptop,Electronics,South,14,60000,686627.38
2025-03-12,Keyboard,Accessories,North,4,3000,12011.26
2025-03-12,Webcam,Accessories,South,13,4500,55320.54
2025-03-12,Headphones,Accessories,North,10,3500,36333.24
2025-03-13,Webcam,Accessories,East,3,4500,12635.82
2025-03-13,Tablet,Electronics,East,11,25000,249457.04
2025-03-13,Mouse,Accessories,West,3,1500,4213.51
2025-03-13,Printer,Office,North,9,15000,129977.89
2025-03-14,Laptop,Electronics,East,15,60000,872000.96
2025-03-14,Laptop,Electronics,South,15,60000,803181.52
2025-03-14,Tablet,Electronics,East,14,25000,336024.66
2025-03-15,Tablet,Electronics,West,8,25000,180303.76
2025-03-15,Monitor,Electronics,East,9,20000,176453.29
2025-03-15,Mouse,Accessories,West,5,1500,6604.19
2025-03-16,Headphones,Accessories,West,14,3500,44313.0
2025-03-16,Tablet,Electronics,East,8,25000,206637.09
2025-03-16,Headphones,Accessories,North,12,3500,41606.54
2025-03-16,Keyboard,Accessories,South,6,3000,18262.47
2025-03-17,Keyboard,Accessories,South,12,3000,34656.7
2025-03-17,Keyboard,Accessories,West,4,3000,12644.89
2025-03-17,Headphones,Accessories,South,12,3500,44299.65
2025-03-18,Tablet,Electronics,South,1,25000,24180.82
2025-03-18,Mouse,Accessories,South,2,1500,3108.03
2025-03-18,Monitor,Electronics,West,6,20000,122200.0
2025-03-19,Monitor,Electronics,South,8,20000,147257.9
2025-03-19,Printer,Office,North,11,15000,150587.25
2025-03-19,Tablet,Electronics,East,6,25000,144470.54
2025-03-20,Laptop,Electronics,West,1,60000,59273.29
2025-03-20,Laptop,Electronics,North,5,60000,291051.87
2025-03-20,Headphones,Accessories,East,7,3500,21333.32
2025-03-20,Laptop,Electronics,West,9,60000,502497.08
2025-03-21,Tablet,Electronics,South,10,25000,241396.03
2025-03-21,Keyboard,Accessories,East,4,3000,11224.77
2025-03-21,Laptop,Electronics,West,10,60000,491990.28
2025-03-22,Webcam,Accessories,East,10,4500,43673.55
2025-03-22,Monitor,Electronics,North,12,20000,209182.7
2025-03-22,Monitor,Electronics,East,8,20000,149343.3
2025-03-23,Laptop,Electronics,South,13,60000,764845.28
2025-03-23,Laptop,Electronics,East,4,60000,254956.66
2025-03-23,Laptop,Electronics,South,11,60000,579264.6
2025-03-23,Laptop,Electronics,South,1,60000,56545.62
2025-03-24,Monitor,Electronics,South,2,20000,37885.74
2025-03-24,Laptop,Electronics,South,13,60000,811442.73
2025-03-24,Headphones,Accessories,East,8,3500,25736.98
2025-03-25,Headphones,Accessories,South,10,3500,32577.4
2025-03-25,Keyboard,Accessories,North,10,3000,31151.54
2025-03-25,Keyboard,Accessories,South,11,3000,30555.17
2025-03-26,Mouse,Accessories,South,4,1500,6145.96
2025-03-26,Tablet,Electronics,North,3,25000,66614.29
2025-03-26,Tablet,Electronics,West,1,25000,23113.51
2025-03-27,Laptop,Electronics,East,13,60000,688324.78
2025-03-27,Monitor,Electronics,East,4,20000,73837.26
2025-03-27,Monitor,Electronics,West,9,20000,173059.01
2025-03-27,Monitor,Electronics,South,7,20000,133755.84
2025-03-28,Headphones,Accessories,North,3,3500,9562.91
2025-03-28,Keyboard,Accessories,West,7,3000,19533.44
2025-03-28,Laptop,Electronics,East,2,60000,109397.64
2025-03-29,Keyboard,Accessories,North,3,3000,8861.52
2025-03-29,Mouse,Accessories,North,3,1500,4410.43
2025-03-29,Laptop,Electronics,South,13,60000,625018.28
2025-03-30,Tablet,Electronics,North,9,25000,212673.43
2025-03-30,Laptop,Electronics,North,14,60000,795552.19
2025-03-30,Webcam,Accessories,South,7,4500,30924.05
2025-03-30,Laptop,Electronics,West,4,60000,245487.7
2025-03-31,Tablet,Electronics,South,10,25000,250834.15
2025-03-31,Webcam,Accessories,West,14,4500,56688.68
2025-03-31,Webcam,Accessories,East,8,4500,34233.29
2025-04-01,Tablet,Electronics,West,1,25000,24027.58
2025-04-01,Printer,Office,East,5,15000,81329.92
2025-04-01,Headphones,Accessories,East,14,3500,49941.69
2025-04-02,Printer,Office,South,8,15000,125093.04
2025-04-02,Laptop,Electronics,South,15,60000,936775.27
2025-04-02,Mouse,Accessories,East,8,1500,13305.73
2025-04-02,Mouse,Accessories,South,1,1500,1560.95
2025-04-03,Tablet,Electronics,East,14,25000,388135.46
2025-04-03,Mouse,Accessories,West,12,1500,19767.17
2025-04-03,Keyboard,Accessories,North,11,3000,35121.95
2025-04-04,Headphones,Accessories,West,15,3500,51672.14
2025-04-04,Monitor,Electronics,North,3,20000,58250.91
2025-04-04,Laptop,Electronics,South,14,60000,861367.59
2025-04-05,Mouse,Accessories,East,4,1500,6793.05
2025-04-05,Keyboard,Accessories,East,15,3000,45564.59
2025-04-05,Monitor,Electronics,South,3,20000,60784.03
2025-04-06,Keyboard,Accessories,North,9,3000,24851.49
2025-04-06,Keyboard,Accessories,North,12,3000,36112.38
2025-04-06,Keyboard,Accessories,West,2,3000,6747.61
2025-04-06,Keyboard,Accessories,West,2,3000,6092.36
2025-04-07,Headphones,Accessories,North,13,3500,46812.89
2025-04-07,Keyboard,Accessories,North,1,3000,3170.66
2025-04-07,Webcam,Accessories,East,10,4500,47229.83
2025-04-08,Webcam,Accessories,North,15,4500,71750.1
2025-04-08,Mouse,Accessories,North,10,1500,15756.47
2025-04-08,Keyboard,Accessories,East,8,3000,23785.24
2025-04-09,Mouse,Accessories,West,7,1500,10562.74
2025-04-09,Tablet,Electronics,South,10,25000,226997.82
2025-04-09,Headphones,Accessories,North,9,3500,32963.43
2025-04-09,Tablet,Electronics,East,8,25000,215103.7
2025-04-10,Mouse,Accessories,East,3,1500,4933.43
2025-04-10,Headphones,Accessories,North,10,3500,35690.48
2025-04-10,Monitor,Electronics,West,12,20000,220511.74
2025-04-11,Printer,Office,South,11,15000,159523.57
2025-04-11,Monitor,Electronics,North,2,20000,46773.5
2025-04-11,Printer,Office,South,11,15000,179121.87
2025-04-12,Tablet,Electronics,East,11,25000,263734.78
2025-04-12,Laptop,Electronics,West,3,60000,186641.32
2025-04-12,Headphones,Accessories,East,13,3500,44417.0
2025-04-13,Laptop,Electronics,North,8,60000,437307.84
2025-04-13,Printer,Office,East,8,15000,120922.44
2025-04-13,Laptop,Electronics,West,11,60000,695692.88
2025-04-13,Webcam,Accessories,West,8,4500,33046.87
2025-04-14,Laptop,Electronics,East,9,60000,493745.49
2025-04-14,Webcam,Accessories,East,5,4500,23936.75
2025-04-14,Tablet,Electronics,North,14,25000,338320.55
2025-04-15,Headphones,Accessories,South,15,3500,56678.04
2025-04-15,Printer,Office,East,2,15000,28117.91
2025-04-15,Tablet,Electronics,West,11,25000,302997.07
2025-04-16,Webcam,Accessories,East,1,4500,4156.46
2025-04-16,Monitor,Electronics,South,6,20000,130794.09
2025-04-16,Headphones,Accessories,West,15,3500,48304.71
2025-04-16,Laptop,Electronics,South,3,60000,164089.11
2025-04-17,Headphones,Accessories,East,6,3500,21446.93
2025-04-17,Monitor,Electronics,East,4,20000,92404.75
2025-04-17,Mouse,Accessories,North,11,1500,17861.58
2025-04-18,Headphones,Accessories,North,7,3500,24839.21
2025-04-18,Mouse,Accessories,South,9,1500,14423.23
2025-04-18,Mouse,Accessories,South,15,1500,22341.78
2025-04-19,Printer,Office,South,8,15000,124149.46
2025-04-19,Tablet,Electronics,North,12,25000,291380.05
2025-04-19,Mouse,Accessories,West,2,1500,2893.94
2025-04-19,Headphones,Accessories,West,4,3500,14749.1
2025-04-20,Webcam,Accessories,East,15,4500,65626.62
2025-04-20,Laptop,Electronics,West,13,60000,851606.69
2025-04-20,Laptop,Electronics,West,10,60000,543651.65
2025-04-21,Laptop,Electronics,East,6,60000,368637.86
2025-04-21,Headphones,Accessories,East,3,3500,9986.51
2025-04-21,Keyboard,Accessories,North,13,3000,45422.7
2025-04-22,Printer,Office,West,12,15000,187182.36
2025-04-22,Headphones,Accessories,South,4,3500,15713.83
2025-04-22,Keyboard,Accessories,West,9,3000,27395.63
2025-04-23,Tablet,Electronics,South,10,25000,270665.71
2025-04-23,Printer,Office,North,8,15000,111747.24
2025-04-23,Monitor,Electronics,East,14,20000,288983.26
2025-04-23,Keyboard,Accessories,East,2,3000,6306.29
2025-04-24,Keyboard,Accessories,North,4,3000,11216.6
2025-04-24,Laptop,Electronics,North,2,60000,117193.69
2025-04-24,Laptop,Electronics,West,11,60000,610252.41
2025-04-25,Webcam,Accessories,North,10,4500,40309.23
2025-04-25,Mouse,Accessories,South,15,1500,21653.83
2025-04-25,Keyboard,Accessories,West,9,3000,28018.0
2025-04-26,Printer,Office,East,3,15000,40139.05
2025-04-26,Mouse,Accessories,West,7,1500,9489.95
2025-04-26,Webcam,Accessories,South,2,4500,9799.23
2025-04-26,Printer,Office,South,11,15000,165186.5
2025-04-27,Mouse,Accessories,South,11,1500,16985.21
2025-04-27,Keyboard,Accessories,South,13,3000,40316.56
2025-04-27,Webcam,Accessories,East,6,4500,29384.98
2025-04-28,Printer,Office,West,5,15000,71296.72
2025-04-28,Webcam,Accessories,East,2,4500,9143.53
2025-04-28,Laptop,Electronics,East,7,60000,406894.47
2025-04-29,Tablet,Electronics,South,8,25000,232480.73
2025-04-29,Headphones,Accessories,South,12,3500,40346.11
2025-04-29,Laptop,Electronics,East,12,60000,661316.27
2025-04-30,Headphones,Accessories,North,3,3500,10355.36
2025-04-30,Headphones,Accessories,North,5,3500,17182.91
2025-04-30,Laptop,Electronics,East,8,60000,551873.35
2025-04-30,Mouse,Accessories,South,6,1500,
2025-05-01,Tablet,Electronics,South,1,25000,25250.32
2025-05-01,Keyboard,Accessories,North,13,3000,36274.89
2025-05-01,Mouse,Accessories,North,11,1500,14933.78
2025-05-02,Mouse,Accessories,West,8,1500,12476.97
2025-05-02,Keyboard,Accessories,South,5,3000,15889.68
2025-05-02,Webcam,Accessories,West,13,4500,57629.75
2025-05-03,Printer,Office,South,1,15000,14874.29
2025-05-03,Laptop,Electronics,East,7,60000,445588.49
2025-05-03,Webcam,Accessories,East,13,4500,58730.84
2025-05-03,Tablet,Electronics,South,15,25000,367311.31
2025-05-04,Monitor,Electronics,West,4,20000,75273.17
2025-05-04,Tablet,Electronics,West,10,25000,273234.18
2025-05-04,Laptop,Electronics,South,3,60000,178667.28
2025-05-05,Webcam,Accessories,East,2,4500,9383.98
2025-05-05,Headphones,Accessories,North,6,3500,21486.43
2025-05-05,Headphones,Accessories,West,14,3500,47792.03
2025-05-06,Laptop,Electronics,East,11,60000,631494.25
2025-05-06,Tablet,Electronics,South,8,25000,186411.1
2025-05-06,Laptop,Electronics,East,5,60000,273978.16
2025-05-06,Monitor,Electronics,East,3,20000,64747.04
2025-05-07,Laptop,Electronics,North,5,60000,307093.58
2025-05-07,Printer,Office,South,3,15000,49716.05
2025-05-07,Monitor,Electronics,East,3,20000,62590.62
2025-05-08,Webcam,Accessories,North,11,4500,53714.16
2025-05-08,Headphones,Accessories,North,2,3500,7527.02
2025-05-08,Laptop,Electronics,South,1,60000,64488.56
2025-05-09,Laptop,Electronics,East,9,60000,530190.02
2025-05-09,Laptop,Electronics,South,5,60000,351222.85
2025-05-09,Headphones,Accessories,North,7,3500,26591.59
2025-05-10,Tablet,Electronics,South,3,25000,77446.0
2025-05-10,Monitor,Electronics,West,4,20000,77668.43
2025-05-10,Tablet,Electronics,South,7,25000,181608.34
2025-05-10,Laptop,Electronics,North,11,60000,751350.44
2025-05-11,Tablet,Electronics,East,7,25000,183458.56
2025-05-11,Webcam,Accessories,South,9,4500,43502.26
2025-05-11,Printer,Office,South,8,15000,108009.59
2025-05-12,Printer,Office,West,5,15000,76393.65
2025-05-12,Tablet,Electronics,North,5,25000,132337.41
2025-05-12,Laptop,Electronics,West,7,60000,420098.86
2025-05-13,Monitor,Electronics,North,1,20000,23808.48
2025-05-13,Laptop,Electronics,South,11,60000,685107.9
2025-05-13,Mouse,Accessories,South,10,1500,14650.76
2025-05-13,Printer,Office,East,5,15000,76029.11
2025-05-14,Headphones,Accessories,South,6,3500,18050.23
2025-05-14,Tablet,Electronics,West,5,25000,126099.91
2025-05-14,Laptop,Electronics,North,10,60000,647319.1
2025-05-15,Printer,Office,South,12,15000,176555.44
2025-05-15,Monitor,Electronics,West,2,20000,37953.63
2025-05-15,Monitor,Electronics,West,7,20000,150187.36
2025-05-16,Printer,Office,West,1,15000,16781.3
2025-05-16,Webcam,Accessories,South,7,4500,32383.44
2025-05-16,Headphones,Accessories,West,4,3500,13330.84
2025-05-17,Laptop,Electronics,West,6,60000,374304.19
2025-05-17,Headphones,Accessories,West,7,3500,23613.07
2025-05-17,Laptop,Electronics,East,5,60000,285779.77
2025-05-17,Tablet,Electronics,West,6,25000,143212.94
2025-05-18,Printer,Office,East,12,15000,183728.82
2025-05-18,Monitor,Electronics,East,13,20000,245480.1
2025-05-18,Laptop,Electronics,North,1,60000,57299.5
2025-05-19,Monitor,Electronics,East,6,20000,130512.26
2025-05-19,Webcam,Accessories,North,13,4500,61896.51
2025-05-19,Mouse,Accessories,South,8,1500,13470.83
2025-05-20,Printer,Office,North,4,15000,60632.71
2025-05-20,Headphones,Accessories,West,9,3500,32747.4
2025-05-20,Headphones,Accessories,East,3,3500,10876.27
2025-05-20,Laptop,Electronics,South,1,60000,60783.77
2025-05-21,Webcam,Accessories,South,10,4500,47306.52
2025-05-21,Keyboard,Accessories,North,8,3000,24695.86
2025-05-21,Headphones,Accessories,East,12,3500,43544.71
2025-05-22,Printer,Office,East,6,15000,87323.62
2025-05-22,Headphones,Accessories,West,13,3500,45250.92
2025-05-22,Webcam,Accessories,East,7,4500,29844.53
2025-05-23,Laptop,Electronics,South,12,60000,734871.73
2025-05-23,Mouse,Accessories,East,2,1500,2818.47
2025-05-23,Keyboard,Accessories,West,2,3000,5814.25
2025-05-23,Mouse,Accessories,South,12,1500,18871.14
2025-05-24,Laptop,Electronics,South,13,60000,814423.46
2025-05-24,Laptop,Electronics,East,15,60000,850072.14
2025-05-24,Monitor,Electronics,West,5,20000,100154.43
2025-05-25,Keyboard,Accessories,North,1,3000,2800.95
2025-05-25,Keyboard,Accessories,North,15,3000,44249.76
2025-05-25,Headphones,Accessories,South,10,3500,34065.01
2025-05-26,Headphones,Accessories,South,4,3500,14928.23
2025-05-26,Keyboard,Accessories,South,12,3000,33570.56
2025-05-26,Keyboard,Accessories,East,14,3000,44080.81
2025-05-27,Monitor,Electronics,,5,20000,96762.58
2025-05-27,Headphones,Accessories,North,12,3500,41628.97
2025-05-27,Keyboard,Accessories,East,12,3000,33543.89
2025-05-27,Laptop,Electronics,West,8,60000,502508.94
2025-05-28,Keyboard,Accessories,East,10,3000,31483.59
2025-05-28,Mouse,Accessories,South,5,1500,7429.5
2025-05-28,Monitor,Electronics,East,14,20000,341010.12
2025-05-29,Headphones,Accessories,East,15,3500,56074.51
2025-05-29,Mouse,Accessories,East,15,1500,21769.04
2025-05-29,Printer,Office,East,12,15000,174415.98
2025-05-30,Headphones,Accessories,North,1,3500,3879.25
2025-05-30,Headphones,Accessories,West,6,3500,20716.08
2025-05-30,Keyboard,Accessories,South,7,3000,23321.37
2025-05-30,Printer,Office,West,15,15000,247941.89
2025-05-31,Mouse,Accessories,North,9,1500,13454.84
2025-05-31,Mouse,Accessories,North,9,1500,15142.24
2025-05-31,Headphones,Accessories,North,3,3500,11516.26
2025-06-01,Keyboard,Accessories,South,12,3000,37798.27
2025-06-01,Mouse,Accessories,East,6,1500,9094.22
2025-06-01,Printer,Office,North,2,15000,33156.27
2025-06-02,Tablet,Electronics,South,15,25000,425565.17
2025-06-02,Webcam,Accessories,South,3,4500,13082.67
2025-06-02,Mouse,Accessories,North,1,1500,1620.03
2025-06-03,Mouse,Accessories,North,2,1500,3074.46
2025-06-03,Tablet,Electronics,South,7,25000,186320.7
2025-06-03,Keyboard,Accessories,North,2,3000,5933.45
2025-06-03,Tablet,Electronics,South,13,25000,288498.43
2025-06-04,Mouse,Accessories,East,8,1500,12175.32
2025-06-04,Laptop,Electronics,West,5,60000,292053.12
2025-06-04,Laptop,Electronics,East,1,60000,60455.3
2025-06-05,Tablet,Electronics,East,8,25000,205148.36
2025-06-05,Laptop,Electronics,West,3,60000,183450.6
2025-06-05,Monitor,Electronics,East,15,20000,317115.11
2025-06-06,Keyboard,Accessories,West,5,3000,14193.81
2025-06-06,Monitor,Electronics,West,8,20000,153816.29
2025-06-06,Keyboard,Accessories,North,1,3000,3100.63
2025-06-06,Printer,Office,South,2,15000,33067.98
2025-06-07,Laptop,Electronics,South,4,60000,223992.93
2025-06-07,Tablet,Electronics,West,1,25000,26468.2
2025-06-07,Tablet,Electronics,West,11,25000,336162.96
2025-06-08,Keyboard,Accessories,South,15,3000,43730.14
2025-06-08,Laptop,Electronics,East,15,60000,853418.59
2025-06-08,Headphones,Accessories,North,4,3500,14474.81
2025-06-09,Laptop,Electronics,West,12,60000,708401.24
2025-06-09,Keyboard,Accessories,East,8,3000,24631.28
2025-06-09,Webcam,Accessories,North,1,4500,4697.57
2025-06-09,Webcam,Accessories,West,2,4500,8512.53
2025-06-10,Printer,Office,East,9,15000,128657.89
2025-06-10,Keyboard,Accessories,North,7,3000,21796.37
2025-06-10,Headphones,Accessories,East,1,3500,3590.68
2025-06-11,Printer,Office,North,14,15000,201735.0
2025-06-11,Keyboard,Accessories,East,11,3000,33721.03
2025-06-11,Headphones,Accessories,West,8,3500,29992.29
2025-06-12,Laptop,Electronics,South,15,60000,989758.63
2025-06-12,Monitor,Electronics,East,15,20000,305059.24
2025-06-12,Mouse,Accessories,South,15,1500,23193.87
2025-06-13,Monitor,Electronics,North,4,20000,75951.05
2025-06-13,Monitor,Electronics,South,14,20000,289153.54
2025-06-13,Tablet,Electronics,East,8,25000,199029.6
2025-06-13,Webcam,Accessories,North,11,4500,56161.98
2025-06-14,Mouse,Accessories,South,13,1500,20253.98
2025-06-14,Tablet,Electronics,South,3,25000,82308.78
2025-06-14,Webcam,Accessories,East,7,4500,31007.54
2025-06-15,Laptop,Electronics,South,2,60000,122083.67
2025-06-15,Mouse,Accessories,East,5,1500,8115.6
2025-06-15,Keyboard,Accessories,North,7,3000,20320.36
2025-06-16,Laptop,Electronics,West,13,60000,794291.31
2025-06-16,Printer,Office,North,13,15000,211991.89
2025-06-16,Mouse,Accessories,North,6,1500,9837.96
2025-06-16,Mouse,Accessories,East,5,1500,7047.78
2025-06-17,Laptop,Electronics,North,8,60000,504550.06
2025-06-17,Monitor,Electronics,South,14,20000,275073.72
2025-06-17,Webcam,Accessories,West,15,4500,62662.84
2025-06-18,Laptop,Electronics,West,4,60000,243452.94
2025-06-18,Monitor,Electronics,South,3,20000,59928.69
2025-06-18,Keyboard,Accessories,East,11,3000,32321.76
2025-06-19,Mouse,Accessories,West,5,1500,7919.7
2025-06-19,Headphones,Accessories,North,3,3500,9722.15
2025-06-19,Mouse,Accessories,West,1,1500,1526.61
2025-06-20,Laptop,Electronics,South,7,60000,374751.63
2025-06-20,Monitor,Electronics,West,6,20000,125480.21
2025-06-20,Tablet,Electronics,South,9,25000,215898.75
2025-06-20,Headphones,Accessories,East,4,3500,14059.59
2025-06-21,Headphones,Accessories,North,11,3500,41049.38
2025-06-21,Headphones,Accessories,North,11,3500,41728.49
2025-06-21,Printer,Office,East,7,15000,106187.7
2025-06-22,Laptop,Electronics,East,3,60000,176457.49
2025-06-22,Keyboard,Accessories,North,8,3000,26343.33
2025-06-22,Mouse,Accessories,North,11,1500,16345.27
2025-06-23,Keyboard,Accessories,North,6,3000,17504.23
2025-06-23,Tablet,Electronics,East,4,25000,93495.82
2025-06-23,Mouse,Accessories,North,8,1500,11516.88
2025-06-23,Printer,Office,South,6,15000,100895.91
2025-06-24,Tablet,Electronics,East,7,25000,204198.13
2025-06-24,Mouse,Accessories,West,6,1500,9579.86
2025-06-24,Webcam,Accessories,West,5,4500,22381.72
2025-06-25,Headphones,Accessories,South,11,3500,37503.66
2025-06-25,Tablet,Electronics,West,7,25000,189716.36
2025-06-25,Keyboard,Accessories,West,7,3000,20025.43
2025-06-26,Mouse,Accessories,North,10,1500,16088.31
2025-06-26,Mouse,Accessories,East,6,1500,9460.9
2025-06-26,Laptop,Electronics,South,2,60000,121016.66
2025-06-26,Keyboard,Accessories,South,13,3000,39928.26
2025-06-27,Webcam,Accessories,North,1,4500,4555.6
2025-06-27,Headphones,Accessories,North,9,3500,31761.33
2025-06-27,Monitor,Electronics,North,4,20000,74629.61
2025-06-28,Keyboard,Accessories,South,4,3000,13749.33
2025-06-28,Monitor,Electronics,South,1,20000,19368.82
2025-06-28,Laptop,Electronics,West,14,60000,912436.82
2025-06-29,Webcam,Accessories,West,7,4500,28474.89
2025-06-29,Mouse,Accessories,North,6,1500,10278.05
2025-06-29,Keyboard,Accessories,East,12,3000,39385.26
2025-06-30,Headphones,Accessories,South,1,3500,3615.97
2025-06-30,Laptop,Electronics,South,9,60000,576412.88
2025-06-30,Monitor,Electronics,North,8,20000,169176.94
2025-06-30,Printer,Office,West,9,15000,135342.42
2025-07-01,Headphones,Accessories,West,2,3500,6392.35
2025-07-01,Webcam,Accessories,West,15,4500,61528.07
2025-07-01,Headphones,Accessories,North,4,3500,11781.19
2025-07-02,Mouse,Accessories,South,11,1500,16622.24
2025-07-02,Printer,Office,North,12,15000,175481.05
2025-07-02,Webcam,Accessories,South,6,4500,22947.07
2025-07-03,Printer,Office,South,2,15000,26832.16
2025-07-03,Webcam,Accessories,North,5,4500,18862.39
2025-07-03,Printer,Office,West,13,15000,191020.48
2025-07-03,Tablet,Electronics,North,14,25000,302890.39
2025-07-04,Laptop,Electronics,West,15,60000,804016.41
2025-07-04,Printer,Office,North,4,15000,54641.47
2025-07-04,Mouse,Accessories,South,10,1500,13966.86
2025-07-05,Mouse,Accessories,West,3,1500,4257.85
2025-07-05,Headphones,Accessories,North,11,3500,35883.49
2025-07-05,Webcam,Accessories,East,7,4500,29141.72
2025-07-06,Webcam,Accessories,North,11,4500,43383.57
2025-07-06,Monitor,Electronics,West,11,20000,207923.98
2025-07-06,Printer,Office,West,15,15000,200068.23
2025-07-07,Printer,Office,North,8,15000,117007.75
2025-07-07,Keyboard,Accessories,East,6,3000,15642.99
2025-07-07,Laptop,Electronics,North,8,60000,402603.59
2025-07-07,Laptop,Electronics,North,3,60000,153743.27
2025-07-08,Printer,Office,West,2,15000,29297.17
2025-07-08,Mouse,Accessories,East,8,1500,11358.96
2025-07-08,Webcam,Accessories,West,13,4500,49985.69
2025-07-09,Mouse,Accessories,East,8,1500,11227.47
2025-07-09,Webcam,Accessories,West,12,4500,47861.28
2025-07-09,Keyboard,Accessories,North,3,3000,9534.89
2025-07-10,Tablet,Electronics,East,7,25000,158347.85
2025-07-10,Laptop,Electronics,North,10,60000,554947.77
2025-07-10,Mouse,Accessories,East,6,1500,9003.36
2025-07-10,Tablet,Electronics,South,1,25000,20020.98
2025-07-11,Webcam,Accessories,North,2,4500,8506.35
2025-07-11,Tablet,Electronics,West,14,25000,341011.85
2025-07-11,Laptop,Electronics,North,10,60000,529307.91
2025-07-12,Keyboard,Accessories,East,4,3000,9527.26
2025-07-12,Laptop,Electronics,East,4,60000,224597.64
2025-07-12,Laptop,Electronics,South,1,60000,60786.2
2025-07-13,Headphones,Accessories,South,15,3500,49567.41
2025-07-13,Printer,Office,East,2,15000,24629.05
2025-07-13,Printer,Office,West,12,15000,152179.79
2025-07-13,Tablet,Electronics,East,4,25000,89394.82
2025-07-14,Printer,Office,West,6,15000,82797.08
2025-07-14,Tablet,Electronics,West,5,25000,128653.42
2025-07-14,Laptop,Electronics,West,13,60000,777353.35
2025-07-15,Monitor,Electronics,North,1,20000,18635.27
2025-07-15,Headphones,Accessories,East,6,3500,18084.61
2025-07-15,Tablet,Electronics,South,5,25000,110167.25
2025-07-16,Laptop,Electronics,North,5,60000,281194.16
2025-07-16,Mouse,Accessories,South,3,1500,3829.29
2025-07-16,Headphones,Accessories,East,14,3500,46025.94
2025-07-17,Laptop,Electronics,North,6,60000,325467.21
2025-07-17,Keyboard,Accessories,South,7,3000,18570.88
2025-07-17,Tablet,Electronics,East,6,25000,122953.66
2025-07-17,Headphones,Accessories,South,15,3500,48353.56
2025-07-18,Monitor,Electronics,West,6,20000,116103.93
2025-07-18,Tablet,Electronics,South,6,25000,147268.39
2025-07-18,Keyboard,Accessories,West,5,3000,14171.61
2025-07-19,Tablet,Electronics,South,5,25000,115918.2
2025-07-19,Keyboard,Accessories,East,2,3000,5035.35
2025-07-19,Headphones,Accessories,West,10,3500,28974.72
2025-07-20,Keyboard,Accessories,West,1,3000,2587.9
2025-07-20,Monitor,Electronics,East,4,20000,75523.95
2025-07-20,Tablet,Electronics,West,4,25000,92472.99
2025-07-20,Monitor,Electronics,West,5,20000,77565.37
2025-07-21,Laptop,Electronics,East,12,60000,650898.03
2025-07-21,Keyboard,Accessories,North,9,3000,26053.18
2025-07-21,Printer,Office,North,15,15000,205004.04
2025-07-22,Tablet,Electronics,South,6,25000,123979.44
2025-07-22,Webcam,Accessories,North,14,4500,63381.85
2025-07-22,Keyboard,Accessories,East,1,3000,2797.84
2025-07-23,Keyboard,Accessories,East,8,3000,22271.25
2025-07-23,Laptop,Electronics,West,12,60000,638142.81
2025-07-23,Headphones,Accessories,West,8,3500,26192.54
2025-07-24,Webcam,Accessories,East,14,4500,56774.16
2025-07-24,Printer,Office,South,5,15000,78921.89
2025-07-24,Headphones,Accessories,North,1,3500,3515.61
2025-07-24,Keyboard,Accessories,North,12,3000,35926.41
2025-07-25,Webcam,Accessories,East,2,4500,8346.55
2025-07-25,Mouse,Accessories,South,12,1500,15607.97
2025-07-25,Laptop,Electronics,East,12,60000,715069.92
2025-07-26,Keyboard,Accessories,West,13,3000,32941.53
2025-07-26,Laptop,Electronics,West,8,60000,432170.48
2025-07-26,Monitor,Electronics,South,14,20000,220884.58
2025-07-27,Laptop,Electronics,West,3,60000,146474.2
2025-07-27,Mouse,Accessories,East,7,1500,10047.45
2025-07-27,Headphones,Accessories,West,2,3500,6240.93
2025-07-27,Keyboard,Accessories,West,12,3000,28354.33
2025-07-28,Keyboard,Accessories,East,11,3000,30108.19
2025-07-28,Webcam,Accessories,East,13,4500,59844.99
2025-07-28,Printer,Office,East,12,15000,178722.99
2025-07-29,Mouse,Accessories,West,5,1500,7031.48
2025-07-29,Monitor,Electronics,West,2,20000,37939.45
2025-07-29,Tablet,Electronics,West,14,25000,350925.49
2025-07-30,Monitor,Electronics,North,8,20000,161486.71
2025-07-30,Keyboard,Accessories,East,2,3000,5621.29
2025-07-30,Webcam,Accessories,South,14,4500,57364.74
2025-07-30,Mouse,Accessories,South,15,1500,19895.03
2025-07-31,Printer,Office,East,7,15000,94605.16
2025-07-31,Headphones,Accessories,West,12,3500,37559.28
2025-07-31,Headphones,Accessories,East,1,3500,3088.17
2025-08-01,Keyboard,Accessories,West,2,3000,5719.17
2025-08-01,Monitor,Electronics,West,5,20000,102484.99
2025-08-01,Keyboard,Accessories,East,10,3000,27241.4
2025-08-02,Laptop,Electronics,East,3,60000,189849.4
2025-08-02,Tablet,Electronics,West,1,25000,22882.84
2025-08-02,Monitor,Electronics,North,11,20000,223444.65
2025-08-03,Mouse,Accessories,West,12,1500,17264.42
2025-08-03,Tablet,Electronics,South,12,25000,321491.06
2025-08-03,Printer,Office,West,12,15000,154763.75
2025-08-03,Mouse,Accessories,South,13,1500,16486.19
2025-08-04,Mouse,Accessories,East,10,1500,14669.88
2025-08-04,Webcam,Accessories,North,8,4500,32913.19
2025-08-04,Headphones,Accessories,South,13,3500,45156.91
2025-08-05,Tablet,Electronics,East,6,25000,134232.78
2025-08-05,Webcam,Accessories,South,2,4500,8796.17
2025-08-05,Printer,Office,West,12,15000,174709.54
2025-08-06,Monitor,Electronics,West,5,20000,96381.07
2025-08-06,Mouse,Accessories,North,15,1500,18643.73
2025-08-06,Laptop,Electronics,North,7,60000,422972.57
2025-08-06,Headphones,Accessories,East,13,3500,43480.85
2025-08-07,Webcam,Accessories,South,1,4500,4149.98
2025-08-07,Mouse,Accessories,North,10,1500,13355.3
2025-08-07,Mouse,Accessories,South,7,1500,9534.66
2025-08-08,Laptop,Electronics,West,7,60000,374458.65
2025-08-08,Webcam,Accessories,North,4,4500,16964.92
2025-08-08,Laptop,Electronics,West,15,60000,795535.61
2025-08-09,Laptop,Electronics,South,6,60000,301535.23
2025-08-09,Monitor,Electronics,South,13,20000,223177.73
2025-08-09,Laptop,Electronics,South,7,60000,351467.93
2025-08-10,Mouse,Accessories,North,1,1500,1413.8
2025-08-10,Mouse,Accessories,South,14,1500,20014.57
2025-08-10,Keyboard,Accessories,West,3,3000,8249.99
2025-08-10,Laptop,Electronics,West,5,60000,293720.3
2025-08-11,Laptop,Electronics,South,13,60000,655639.0
2025-08-11,Keyboard,Accessories,East,14,3000,39667.59
2025-08-11,Laptop,Electronics,North,14,60000,771339.17
2025-08-12,Printer,Office,East,7,15000,95832.38
2025-08-12,Monitor,Electronics,North,12,20000,233347.91
2025-08-12,Keyboard,Accessories,West,5,3000,11604.73
2025-08-13,Keyboard,Accessories,West,12,3000,32186.31
2025-08-13,Keyboard,Accessories,West,8,3000,22875.22
2025-08-13,Laptop,Electronics,West,1,60000,48001.01
2025-08-13,Laptop,Electronics,West,7,60000,394656.84
2025-08-14,Tablet,Electronics,West,8,25000,209324.86
2025-08-14,Laptop,Electronics,North,4,60000,204197.68
2025-08-14,Mouse,Accessories,South,6,1500,8639.19
2025-08-15,Mouse,Accessories,North,8,1500,11850.33
2025-08-15,Keyboard,Accessories,North,1,3000,2725.18
2025-08-15,Mouse,Accessories,South,3,1500,4413.9
2025-08-16,Printer,Office,South,12,15000,163493.79
2025-08-16,Tablet,Electronics,East,6,25000,128456.93
2025-08-16,Monitor,Electronics,North,10,20000,164527.55
2025-08-16,Keyboard,Accessories,East,9,3000,25390.88
2025-08-17,Monitor,Electronics,East,9,20000,172864.75
2025-08-17,Mouse,Accessories,South,7,1500,9095.18
2025-08-17,Headphones,Accessories,East,8,3500,22808.93
2025-08-18,Monitor,Electronics,South,13,20000,217789.39
2025-08-18,Keyboard,Accessories,South,15,3000,40111.11
2025-08-18,Webcam,Accessories,South,4,4500,17382.01
2025-08-19,Laptop,Electronics,North,11,60000,643121.58
2025-08-19,Mouse,Accessories,South,15,1500,19647.22
2025-08-19,Printer,Office,East,1,15000,15035.22
2025-08-20,Laptop,Electronics,South,12,60000,678839.95
2025-08-20,Laptop,Electronics,East,8,60000,411727.63
2025-08-20,Laptop,Electronics,West,15,60000,791099.38
2025-08-20,Webcam,Accessories,East,9,4500,40482.4
2025-08-21,Laptop,Electronics,West,13,60000,615083.27
2025-08-21,Monitor,Electronics,North,3,20000,54902.25
2025-08-21,Laptop,Electronics,West,3,60000,154360.36
2025-08-22,Laptop,Electronics,South,14,60000,713919.45
2025-08-22,Headphones,Accessories,North,8,3500,28437.23
2025-08-22,Monitor,Electronics,North,9,20000,165174.11
2025-08-23,Mouse,Accessories,South,3,1500,4007.81
2025-08-23,Headphones,Accessories,West,4,3500,12949.15
2025-08-23,Tablet,Electronics,West,13,25000,319254.33
2025-08-23,Laptop,Electronics,South,5,60000,271337.31
2025-08-24,Tablet,Electronics,North,9,25000,176828.47
2025-08-24,Headphones,Accessories,North,5,3500,15715.55
2025-08-24,Monitor,Electronics,West,4,20000,77450.0
2025-08-25,Printer,Office,East,3,15000,39073.37
2025-08-25,Tablet,Electronics,East,14,25000,328088.87
2025-08-25,Monitor,Electronics,East,15,20000,281697.13
2025-08-26,Webcam,Accessories,East,2,4500,7681.84
2025-08-26,Mouse,Accessories,North,6,1500,9026.1
2025-08-26,Headphones,Accessories,East,9,3500,27428.26
2025-08-27,Webcam,Accessories,North,6,4500,22852.99
2025-08-27,Keyboard,Accessories,South,11,3000,30659.14
2025-08-27,Tablet,Electronics,South,4,25000,89332.09
2025-08-27,Keyboard,Accessories,West,1,3000,2739.48
2025-08-28,Tablet,Electronics,East,6,25000,131744.45
2025-08-28,Headphones,Accessories,South,9,3500,28088.33
2025-08-28,Monitor,Electronics,East,3,20000,53788.36
2025-08-29,Keyboard,Accessories,North,13,3000,38038.02
2025-08-29,Keyboard,Accessories,North,1,3000,2806.9
2025-08-29,Laptop,Electronics,East,2,60000,95799.24
2025-08-30,Laptop,Electronics,North,8,60000,453278.04
2025-08-30,Keyboard,Accessories,East,8,3000,21679.24
2025-08-30,Laptop,Electronics,East,5,60000,275901.7
2025-08-30,Monitor,Electronics,South,4,20000,70873.34
2025-08-31,Printer,Office,South,2,15000,26319.03
2025-08-31,Printer,Office,West,10,15000,142566.37
2025-08-31,Printer,Office,South,6,15000,87441.65
2025-09-01,Keyboard,Accessories,South,2,3000,5529.6
2025-09-01,Tablet,Electronics,South,6,25000,134680.41
2025-09-01,Headphones,Accessories,East,15,3500,57456.26
2025-09-02,Laptop,Electronics,West,4,60000,218921.62
2025-09-02,Laptop,Electronics,,14,60000,763925.71
2025-09-02,Printer,Office,South,4,15000,47206.86
2025-09-02,Monitor,Electronics,South,3,20000,52565.19
2025-09-03,Mouse,Accessories,West,4,1500,4953.26
2025-09-03,Webcam,Accessories,East,5,4500,19124.4
2025-09-03,Laptop,Electronics,South,2,60000,114486.8
2025-09-04,Laptop,Electronics,West,9,60000,517156.69
2025-09-04,Webcam,Accessories,West,6,4500,26242.85
2025-09-04,Headphones,Accessories,South,11,3500,31678.56
2025-09-05,Laptop,Electronics,North,8,60000,467919.31
2025-09-05,Tablet,Electronics,West,7,25000,152053.46
2025-09-05,Tablet,Electronics,East,8,25000,196085.09
2025-09-06,Mouse,Accessories,West,3,1500,4132.26
2025-09-06,Headphones,Accessories,South,11,3500,35489.24
2025-09-06,Monitor,Electronics,West,2,20000,33991.49
2025-09-06,Laptop,Electronics,North,11,60000,592960.8
2025-09-07,Headphones,Accessories,West,15,3500,48054.55
2025-09-07,Keyboard,Accessories,South,12,3000,33789.08
2025-09-07,Headphones,Accessories,South,7,3500,22462.05
2025-09-08,Tablet,Electronics,North,5,25000,96253.83
2025-09-08,Laptop,Electronics,South,14,60000,844137.12
2025-09-08,Headphones,Accessories,North,4,3500,12942.83
2025-09-09,Monitor,Electronics,West,8,20000,137124.53
2025-09-09,Tablet,Electronics,North,12,25000,268523.38
2025-09-09,Monitor,Electronics,South,14,20000,260399.43
2025-09-09,Headphones,Accessories,South,14,3500,42021.59
2025-09-10,Mouse,Accessories,East,2,1500,2269.2
2025-09-10,Keyboard,Accessories,North,14,3000,39315.29
2025-09-10,Headphones,Accessories,East,2,3500,6305.62
2025-09-11,Printer,Office,North,9,15000,117346.12
2025-09-11,Mouse,Accessories,North,14,1500,17143.16
2025-09-11,Printer,Office,West,10,15000,144104.04
2025-09-12,Webcam,Accessories,South,15,4500,54879.03
2025-09-12,Keyboard,Accessories,South,6,3000,15169.43
2025-09-12,Mouse,Accessories,East,5,1500,6409.58
2025-09-13,Laptop,Electronics,East,5,60000,299504.5
2025-09-13,Tablet,Electronics,East,6,25000,134710.67
2025-09-13,Mouse,Accessories,South,11,1500,15289.74
2025-09-13,Keyboard,Accessories,North,7,3000,20947.52
2025-09-14,Laptop,Electronics,North,12,60000,643340.82
2025-09-14,Tablet,Electronics,South,7,25000,163809.89
2025-09-14,Keyboard,Accessories,South,5,3000,13159.06
2025-09-15,Headphones,Accessories,East,3,3500,9526.78
2025-09-15,Laptop,Electronics,East,9,60000,444963.32
2025-09-15,Webcam,Accessories,West,14,4500,60620.08
2025-09-16,Monitor,Electronics,West,13,20000,255579.78
2025-09-16,Monitor,Electronics,North,4,20000,72578.45
2025-09-16,Tablet,Electronics,East,8,25000,176536.08
2025-09-16,Webcam,Accessories,West,11,4500,47083.25
2025-09-17,Monitor,Electronics,East,10,20000,157330.3
2025-09-17,Mouse,Accessories,East,2,1500,2723.62
2025-09-17,Printer,Office,East,9,15000,109912.67
2025-09-18,Tablet,Electronics,East,1,25000,24715.63
2025-09-18,Keyboard,Accessories,North,2,3000,5799.09
2025-09-18,Mouse,Accessories,West,10,1500,11300.89
2025-09-19,Printer,Office,West,2,15000,23773.48
2025-09-19,Printer,Office,West,6,15000,83109.21
2025-09-19,Printer,Office,North,9,15000,114237.54
2025-09-19,Mouse,Accessories,South,10,1500,12562.57
2025-09-20,Laptop,Electronics,North,7,60000,420472.61
2025-09-20,Webcam,Accessories,North,2,4500,8122.57
2025-09-20,Tablet,Electronics,North,12,25000,272176.07
2025-09-21,Tablet,Electronics,North,15,25000,336888.93
2025-09-21,Laptop,Electronics,East,14,60000,837269.53
2025-09-21,Monitor,Electronics,South,12,20000,205782.83
2025-09-22,Printer,Office,East,7,15000,98686.84
2025-09-22,Laptop,Electronics,West,14,60000,802086.37
2025-09-22,Webcam,Accessories,North,8,4500,30064.73
2025-09-23,Keyboard,Accessories,West,3,3000,9193.26
2025-09-23,Printer,Office,East,13,15000,183649.09
2025-09-23,Tablet,Electronics,South,5,25000,126894.35
2025-09-23,Keyboard,Accessories,East,15,3000,38325.08
2025-09-24,Keyboard,Accessories,East,6,3000,15561.17
2025-09-24,Headphones,Accessories,South,14,3500,40801.68
2025-09-24,Headphones,Accessories,North,9,3500,27947.81
2025-09-25,Keyboard,Accessories,East,8,3000,22355.49
2025-09-25,Headphones,Accessories,South,5,3500,14753.58
2025-09-25,Webcam,Accessories,South,13,4500,48922.47
2025-09-26,Mouse,Accessories,East,1,1500,1210.05
2025-09-26,Monitor,Electronics,West,8,20000,140758.9
2025-09-26,Keyboard,Accessories,West,6,3000,16190.45
2025-09-26,Keyboard,Accessories,East,9,3000,23930.37
2025-09-27,Laptop,Electronics,East,4,60000,237209.88
2025-09-27,Monitor,Electronics,East,10,20000,173669.2
2025-09-27,Headphones,Accessories,East,6,3500,20466.88
2025-09-28,Keyboard,Accessories,West,3,3000,7822.23
2025-09-28,Webcam,Accessories,West,3,4500,12782.73
2025-09-28,Monitor,Electronics,East,11,20000,201635.64
2025-09-29,Laptop,Electronics,West,4,60000,196410.93
2025-09-29,Printer,Office,East,5,15000,74160.14
2025-09-29,Tablet,Electronics,South,10,25000,237251.47
2025-09-30,Monitor,Electronics,East,5,20000,97855.02
2025-09-30,Monitor,Electronics,South,6,20000,104468.65
2025-09-30,Monitor,Electronics,North,4,20000,72080.39
2025-09-30,Mouse,Accessories,South,6,1500,7393.25
2025-10-01,Mouse,Accessories,North,11,1500,21498.53
2025-10-01,Monitor,Electronics,West,9,20000,208472.84
2025-10-01,Laptop,Electronics,North,15,60000,1038684.35
2025-10-02,Mouse,Accessories,West,12,1500,23748.14
2025-10-02,Webcam,Accessories,East,1,4500,5705.74
2025-10-02,Headphones,Accessories,West,6,3500,24243.75
2025-10-03,Mouse,Accessories,West,5,1500,7584.32
2025-10-03,Laptop,Electronics,East,9,60000,569780.99
2025-10-03,Monitor,Electronics,East,4,20000,88048.89
2025-10-03,Keyboard,Accessories,South,15,3000,51976.89
2025-10-04,Printer,Office,North,5,15000,91821.14
2025-10-04,Tablet,Electronics,West,8,25000,222231.86
2025-10-04,Webcam,Accessories,South,2,4500,10362.87
2025-10-05,Webcam,Accessories,East,14,4500,67287.38
2025-10-05,Webcam,Accessories,West,14,4500,71189.72
2025-10-05,Webcam,Accessories,South,12,4500,53782.57
2025-10-06,Laptop,Electronics,North,6,60000,441239.06
2025-10-06,Laptop,Electronics,West,1,60000,68135.98
2025-10-06,Keyboard,Accessories,West,11,3000,40765.84
2025-10-06,Mouse,Accessories,East,7,1500,12534.47
2025-10-07,Laptop,Electronics,East,15,60000,964458.57
2025-10-07,Tablet,Electronics,East,11,25000,332047.63
2025-10-07,Headphones,Accessories,South,9,3500,34178.09
2025-10-08,Mouse,Accessories,North,15,1500,25351.0
2025-10-08,Monitor,Electronics,West,13,20000,310738.11
2025-10-08,Monitor,Electronics,South,7,20000,146405.55
2025-10-09,Monitor,Electronics,East,1,20000,22900.69
2025-10-09,Tablet,Electronics,East,2,25000,56399.82
2025-10-09,Headphones,Accessories,West,7,3500,28587.57
2025-10-10,Printer,Office,South,9,15000,142080.7
2025-10-10,Keyboard,Accessories,North,1,3000,3732.2
2025-10-10,Keyboard,Accessories,South,2,3000,6797.15
2025-10-10,Keyboard,Accessories,East,11,3000,39392.8
2025-10-11,Printer,Office,South,12,15000,203051.14
2025-10-11,Printer,Office,East,1,15000,16350.52
2025-10-11,Monitor,Electronics,East,8,20000,179834.38
2025-10-12,Webcam,Accessories,North,2,4500,9614.6
2025-10-12,Laptop,Electronics,East,11,60000,815181.36
2025-10-12,Tablet,Electronics,South,13,25000,381480.72
2025-10-13,Laptop,Electronics,South,14,60000,1120238.55
2025-10-13,Monitor,Electronics,North,9,20000,197456.79
2025-10-13,Tablet,Electronics,West,10,25000,294750.78
2025-10-13,Monitor,Electronics,East,14,20000,302017.01
2025-10-14,Keyboard,Accessories,North,10,3000,33742.89
2025-10-14,Mouse,Accessories,North,7,1500,12452.12
2025-10-14,Monitor,Electronics,South,12,20000,282285.95
2025-10-15,Printer,Office,North,9,15000,171847.87
2025-10-15,Tablet,Electronics,East,13,25000,366153.03
2025-10-15,Tablet,Electronics,East,8,25000,252593.02
2025-10-16,Keyboard,Accessories,South,14,3000,49683.26
2025-10-16,Mouse,Accessories,East,1,1500,1651.82
2025-10-16,Monitor,Electronics,South,1,20000,21822.97
2025-10-17,Monitor,Electronics,East,2,20000,50531.23
2025-10-17,Monitor,Electronics,North,9,20000,194821.08
2025-10-17,Webcam,Accessories,South,11,4500,58368.34
2025-10-17,Tablet,Electronics,West,4,25000,109008.95
2025-10-18,Printer,Office,East,3,15000,58111.08
2025-10-18,Mouse,Accessories,South,13,1500,23754.48
2025-10-18,Mouse,Accessories,East,12,1500,20387.75
2025-10-19,Mouse,Accessories,North,10,1500,18234.63
2025-10-19,Mouse,Accessories,South,8,1500,13852.57
2025-10-19,Mouse,Accessories,North,7,1500,11601.38
2025-10-20,Laptop,Electronics,East,1,60000,73355.0
2025-10-20,Laptop,Electronics,South,3,60000,215660.14
2025-10-20,Webcam,Accessories,East,14,4500,72519.33
2025-10-20,Mouse,Accessories,North,6,1500,10218.92
2025-10-21,Webcam,Accessories,North,11,4500,60056.43
2025-10-21,Monitor,Electronics,West,11,20000,262500.32
2025-10-21,Mouse,Accessories,West,5,1500,8388.21
2025-10-22,Monitor,Electronics,East,4,20000,88600.6
2025-10-22,Monitor,Electronics,South,11,20000,292503.98
2025-10-22,Laptop,Electronics,East,2,60000,123953.82
2025-10-23,Laptop,Electronics,West,8,60000,591926.2
2025-10-23,Webcam,Accessories,North,14,4500,69074.95
2025-10-23,Keyboard,Accessories,North,11,3000,42317.11
2025-10-23,Headphones,Accessories,North,12,3500,45672.53
2025-10-24,Mouse,Accessories,North,2,1500,3152.23
2025-10-24,Keyboard,Accessories,North,3,3000,10253.6
2025-10-24,Mouse,Accessories,South,5,1500,8819.16
2025-10-25,Monitor,Electronics,,5,20000,111437.31
2025-10-25,Webcam,Accessories,South,3,4500,14856.11
2025-10-25,Tablet,Electronics,South,15,25000,393089.75
2025-10-26,Printer,Office,South,3,15000,55259.72
2025-10-26,Mouse,Accessories,South,11,1500,18660.52
2025-10-26,Laptop,Electronics,South,9,60000,552142.35
2025-10-27,Webcam,Accessories,East,10,4500,
2025-10-27,Keyboard,Accessories,South,4,3000,12882.86
2025-10-27,Laptop,Electronics,North,5,60000,381373.59
2025-10-27,Keyboard,Accessories,West,10,3000,33094.57
2025-10-28,Tablet,Electronics,North,5,25000,154927.26
2025-10-28,Headphones,Accessories,West,11,3500,44852.89
2025-10-28,Printer,Office,North,1,15000,16675.02
2025-10-29,Tablet,Electronics,South,2,25000,57494.24
2025-10-29,Monitor,Electronics,East,11,20000,251124.63
2025-10-29,Webcam,Accessories,West,10,4500,52633.2
2025-10-30,Mouse,Accessories,South,1,1500,1798.17
2025-10-30,Headphones,Accessories,West,14,3500,58390.11
2025-10-30,Laptop,Electronics,South,1,60000,63690.8
2025-10-30,Webcam,Accessories,East,15,4500,80250.45
2025-10-31,Monitor,Electronics,North,11,20000,273783.47
2025-10-31,Laptop,Electronics,South,15,60000,1044098.33
2025-10-31,Mouse,Accessories,South,15,1500,26736.96
2025-11-01,Laptop,Electronics,East,5,60000,342515.3
2025-11-01,Laptop,Electronics,South,12,60000,779456.15
2025-11-01,Headphones,Accessories,West,4,3500,15802.38
2025-11-02,Keyboard,Accessories,West,8,3000,29279.83
2025-11-02,Webcam,Accessories,West,4,4500,20724.04
2025-11-02,Keyboard,Accessories,North,8,3000,27210.79
2025-11-03,Printer,Office,North,14,15000,258729.27
2025-11-03,Mouse,Accessories,West,7,1500,10827.62
2025-11-03,Headphones,Accessories,East,2,3500,8131.76
2025-11-03,Headphones,Accessories,South,5,3500,19721.84
2025-11-04,Mouse,Accessories,East,12,1500,20004.09
2025-11-04,Webcam,Accessories,East,8,4500,43182.37
2025-11-04,Keyboard,Accessories,North,9,3000,32302.54
2025-11-05,Monitor,Electronics,West,7,20000,160428.9
2025-11-05,Headphones,Accessories,North,5,3500,22749.85
2025-11-05,Tablet,Electronics,South,9,25000,244486.85
2025-11-06,Laptop,Electronics,East,10,60000,662687.23
2025-11-06,Mouse,Accessories,West,14,1500,25791.13
2025-11-06,Tablet,Electronics,North,10,25000,284250.08
2025-11-06,Printer,Office,South,15,15000,261072.3
2025-11-07,Webcam,Accessories,North,13,4500,64359.29
2025-11-07,Mouse,Accessories,West,2,1500,3583.94
2025-11-07,Headphones,Accessories,North,6,3500,24941.6
2025-11-08,Keyboard,Accessories,South,6,3000,21266.86
2025-11-08,Webcam,Accessories,West,1,4500,4433.86
2025-11-08,Keyboard,Accessories,South,3,3000,10217.38
2025-11-09,Printer,Office,South,12,15000,225321.69
2025-11-09,Keyboard,Accessories,West,6,3000,21595.7
2025-11-09,Mouse,Accessories,East,3,1500,4401.24
2025-11-09,Printer,Office,South,5,15000,93973.31
2025-11-10,Mouse,Accessories,East,5,1500,9210.82
2025-11-10,Webcam,Accessories,West,3,4500,14482.76
2025-11-10,Keyboard,Accessories,East,2,3000,7040.2
2025-11-11,Headphones,Accessories,North,12,3500,47003.61
2025-11-11,Keyboard,Accessories,West,13,3000,42552.89
2025-11-11,Keyboard,Accessories,North,8,3000,27882.7
2025-11-12,Mouse,Accessories,South,10,1500,18244.37
2025-11-12,Laptop,Electronics,South,14,60000,1079222.96
2025-11-12,Laptop,Electronics,South,13,60000,900592.0
2025-11-13,Headphones,Accessories,East,1,3500,4032.06
2025-11-13,Headphones,Accessories,West,15,3500,60653.82
2025-11-13,Headphones,Accessories,East,2,3500,7394.03
2025-11-13,Laptop,Electronics,South,1,60000,75108.91
2025-11-14,Keyboard,Accessories,North,7,3000,22866.98
2025-11-14,Monitor,Electronics,West,12,20000,288818.76
2025-11-14,Printer,Office,North,2,15000,35221.6
2025-11-15,Tablet,Electronics,North,5,25000,146531.46
2025-11-15,Monitor,Electronics,West,4,20000,96538.49
2025-11-15,Headphones,Accessories,West,6,3500,20252.29
2025-11-16,Laptop,Electronics,East,15,60000,1060870.73
2025-11-16,Monitor,Electronics,West,5,20000,114043.08
2025-11-16,Laptop,Electronics,West,4,60000,271625.61
2025-11-16,Monitor,Electronics,South,2,20000,48455.33
2025-11-17,Headphones,Accessories,South,3,3500,13765.79
2025-11-17,Webcam,Accessories,South,2,4500,
2025-11-17,Monitor,Electronics,East,9,20000,223165.02
2025-11-18,Mouse,Accessories,South,7,1500,12279.35
2025-11-18,Printer,Office,West,8,15000,146471.36
2025-11-18,Webcam,Accessories,West,13,4500,63818.4
2025-11-19,Headphones,Accessories,South,9,3500,32117.27
2025-11-19,Monitor,Electronics,South,3,20000,64041.79
2025-11-19,Headphones,Accessories,East,6,3500,24882.83
2025-11-20,Keyboard,Accessories,West,5,3000,17466.86
2025-11-20,Webcam,Accessories,North,13,4500,73252.58
2025-11-20,Keyboard,Accessories,North,5,3000,17761.17
2025-11-20,Headphones,Accessories,West,3,3500,12835.74
2025-11-21,Laptop,Electronics,North,12,60000,803336.16
2025-11-21,Keyboard,Accessories,South,7,3000,26251.28
2025-11-21,Tablet,Electronics,East,2,25000,59326.9
2025-11-22,Headphones,Accessories,North,11,3500,48371.0
2025-11-22,Mouse,Accessories,North,4,1500,6276.31
2025-11-22,Webcam,Accessories,South,14,4500,70332.27
2025-11-23,Tablet,Electronics,West,13,25000,398046.64
2025-11-23,Keyboard,Accessories,East,6,3000,22634.66
2025-11-23,Mouse,Accessories,North,9,1500,16417.73
2025-11-23,Mouse,Accessories,North,9,1500,16033.59
2025-11-24,Headphones,Accessories,West,10,3500,44336.68
2025-11-24,Keyboard,Accessories,South,2,3000,7365.98
2025-11-24,Monitor,Electronics,South,5,20000,112708.36
2025-11-25,Webcam,Accessories,East,3,4500,16301.32
2025-11-25,Webcam,Accessories,South,11,4500,63622.0
2025-11-25,Tablet,Electronics,East,2,25000,64950.9
2025-11-26,Webcam,Accessories,West,8,4500,44500.52
2025-11-26,Printer,Office,East,11,15000,196781.82
2025-11-26,Printer,Office,West,15,15000,264755.21
2025-11-26,Printer,Office,South,5,15000,92159.54
2025-11-27,Mouse,Accessories,West,1,1500,1673.49
2025-11-27,Mouse,Accessories,North,11,1500,19337.79
2025-11-27,Monitor,Electronics,East,1,20000,21910.41
2025-11-28,Headphones,Accessories,North,1,3500,4143.22
2025-11-28,Monitor,Electronics,West,15,20000,336050.42
2025-11-28,Monitor,Electronics,North,13,20000,296926.74
2025-11-29,Headphones,Accessories,South,11,3500,43130.64
2025-11-29,Keyboard,Accessories,North,13,3000,52285.72
2025-11-29,Monitor,Electronics,East,2,20000,46216.64
2025-11-30,Tablet,Electronics,West,2,25000,57146.93
2025-11-30,Tablet,Electronics,East,5,25000,138495.08
2025-11-30,Monitor,Electronics,West,1,20000,26437.47
2025-11-30,Laptop,Electronics,East,14,60000,801956.92
2025-12-01,Keyboard,Accessories,North,1,3000,3292.06
2025-12-01,Tablet,Electronics,West,9,25000,287556.41
2025-12-01,Tablet,Electronics,East,13,25000,395977.1
2025-12-02,Laptop,Electronics,East,12,60000,796997.48
2025-12-02,Printer,Office,South,4,15000,69855.11
2025-12-02,Laptop,Electronics,South,8,60000,558369.25
2025-12-03,Keyboard,Accessories,South,9,3000,33954.43
2025-12-03,Webcam,Accessories,East,12,4500,70820.39
2025-12-03,Monitor,Electronics,West,7,20000,162163.92
2025-12-03,Laptop,Electronics,South,5,60000,352696.85
2025-12-04,Keyboard,Accessories,North,12,3000,44647.73
2025-12-04,Headphones,Accessories,East,14,3500,57206.43
2025-12-04,Webcam,Accessories,East,8,4500,41078.55
2025-12-05,Webcam,Accessories,West,1,4500,4870.47
2025-12-05,Laptop,Electronics,South,8,60000,517627.48
2025-12-05,Laptop,Electronics,East,14,60000,931806.55
2025-12-06,Tablet,Electronics,South,15,25000,389972.88
2025-12-06,Monitor,Electronics,North,7,20000,166063.9
2025-12-06,Tablet,Electronics,South,3,25000,82922.97
2025-12-07,Headphones,Accessories,South,9,3500,29687.3
2025-12-07,Laptop,Electronics,West,13,60000,880243.79
2025-12-07,Tablet,Electronics,South,15,25000,404967.43
2025-12-07,Monitor,Electronics,East,1,20000,22057.99
2025-12-08,Keyboard,Accessories,West,5,3000,18981.93
2025-12-08,Mouse,Accessories,East,8,1500,13300.58
2025-12-08,Mouse,Accessories,East,2,1500,3509.95
2025-12-09,Headphones,Accessories,East,14,3500,54657.47
2025-12-09,Headphones,Accessories,East,2,3500,8380.0
2025-12-09,Webcam,Accessories,East,10,4500,49459.41
2025-12-10,Webcam,Accessories,West,14,4500,69303.19
2025-12-10,Mouse,Accessories,East,11,1500,17317.0
2025-12-10,Laptop,Electronics,East,12,60000,840639.22
2025-12-10,Printer,Office,South,4,15000,66132.35
2025-12-11,Webcam,Accessories,East,13,4500,65339.68
2025-12-11,Keyboard,Accessories,East,7,3000,26589.15
2025-12-11,Mouse,Accessories,East,1,1500,1732.03
2025-12-12,Keyboard,Accessories,East,6,3000,20498.13
2025-12-12,Laptop,Electronics,North,6,60000,405573.05
2025-12-12,Headphones,Accessories,South,8,3500,31621.2
2025-12-13,Keyboard,Accessories,North,4,3000,13723.58
2025-12-13,Printer,Office,North,7,15000,122777.03
2025-12-13,Tablet,Electronics,East,7,25000,203199.34
2025-12-13,Tablet,Electronics,South,5,25000,132708.75
2025-12-14,Keyboard,Accessories,East,11,3000,33905.35
2025-12-14,Keyboard,Accessories,North,5,3000,16958.92
2025-12-14,Printer,Office,West,12,15000,215264.56
2025-12-15,Tablet,Electronics,South,4,25000,116887.59
2025-12-15,Mouse,Accessories,West,13,1500,24962.7
2025-12-15,Tablet,Electronics,North,6,25000,189871.83
2025-12-16,Laptop,Electronics,West,1,60000,77852.68
2025-12-16,Tablet,Electronics,North,3,25000,91582.58
2025-12-16,Laptop,Electronics,South,13,60000,988030.25
2025-12-17,Laptop,Electronics,North,14,60000,929465.63
2025-12-17,Mouse,Accessories,West,4,1500,5756.98
2025-12-17,Laptop,Electronics,West,10,60000,698094.45
2025-12-17,Laptop,Electronics,North,9,60000,646704.83
2025-12-18,Laptop,Electronics,West,3,60000,219953.08
2025-12-18,Mouse,Accessories,East,7,1500,12530.41
2025-12-18,Printer,Office,West,11,15000,206702.35
2025-12-19,Laptop,Electronics,East,15,60000,1090718.13
2025-12-19,Headphones,Accessories,East,13,3500,55285.19
2025-12-19,Tablet,Electronics,West,2,25000,57011.53
2025-12-20,Monitor,Electronics,South,4,20000,83748.71
2025-12-20,Laptop,Electronics,South,7,60000,560526.45
2025-12-20,Tablet,Electronics,West,3,25000,90325.09
2025-12-20,Tablet,Electronics,West,9,25000,260555.5
2025-12-21,Mouse,Accessories,East,1,1500,1670.67
2025-12-21,Tablet,Electronics,South,2,25000,57669.82
2025-12-21,Laptop,Electronics,East,1,60000,65227.69
2025-12-22,Keyboard,Accessories,South,5,3000,16489.01
2025-12-22,Printer,Office,South,12,15000,182654.04
2025-12-22,Monitor,Electronics,North,3,20000,67330.51
2025-12-23,Printer,Office,West,15,15000,250061.14
2025-12-23,Mouse,Accessories,South,5,1500,9096.56
2025-12-23,Printer,Office,North,1,15000,17480.31
2025-12-24,Mouse,Accessories,North,6,1500,10954.12
2025-12-24,Keyboard,Accessories,South,12,3000,38842.61
2025-12-24,Monitor,Electronics,South,2,20000,47211.63
2025-12-24,Monitor,Electronics,East,2,20000,45238.82
2025-12-25,Printer,Office,South,13,15000,242310.43
2025-12-25,Laptop,Electronics,South,9,60000,641464.32
2025-12-25,Laptop,Electronics,East,6,60000,439658.29
2025-12-26,Monitor,Electronics,West,12,20000,284810.61
2025-12-26,Monitor,Electronics,South,13,20000,329469.6
2025-12-26,Tablet,Electronics,East,6,25000,174081.66
2025-12-27,Keyboard,Accessories,West,9,3000,27568.1
2025-12-27,Webcam,Accessories,North,1,4500,5290.67
2025-12-27,Laptop,Electronics,North,5,60000,373501.16
2025-12-27,Headphones,Accessories,South,9,3500,36944.23
2025-12-28,Mouse,Accessories,East,3,1500,5518.67
2025-12-28,Keyboard,Accessories,West,15,3000,50140.02
2025-12-28,Tablet,Electronics,South,15,25000,426908.52
2025-12-29,Webcam,Accessories,North,4,4500,20615.19
2025-12-29,Tablet,Electronics,East,6,25000,169747.41
2025-12-29,Monitor,Electronics,West,3,20000,70720.09
2025-12-30,Monitor,Electronics,West,8,20000,205475.76
2025-12-30,Headphones,Accessories,North,2,3500,7992.87
2025-12-30,Monitor,Electronics,,6,20000,140586.04
2025-12-31,Printer,Office,North,9,15000,170711.92
2025-12-24,Monitor,Electronics,South,2,20000,47211.63
2025-09-20,Webcam,Accessories,North,2,4500,8122.57
2025-01-31,Printer,Office,East,4,15000,55653.28
2025-05-14,Headphones,Accessories,South,6,3500,18050.23
2025-01-18,Laptop,Electronics,West,6,60000,321648.02
2025-12-07,Headphones,Accessories,South,9,3500,29687.3
2025-04-09,Mouse,Accessories,West,7,1500,10562.74
2025-10-23,Keyboard,Accessories,North,11,3000,42317.11
